Date,Day,Month,Year,Pomodoros Completed
11/9/2025,11,9,2025,3
11/9/2025,11,9,2025,3
15/9/2025,15,9,2025,4
15/9/2025,15,9,2025,4
15/9/2025,15,9,2025,4
15/9/2025,15,9,2025,4
15/9/2025,15,9,2025,4
15/9/2025,15,9,2025,4
16/9/2025,16,9,2025,3
16/9/2025,16,9,2025,3
16/9/2025,16,9,2025,3
16/9/2025,16,9,2025,3
16/9/2025,16,9,2025,3
16/9/2025,16,9,2025,3
16/9/2025,16,9,2025,3
16/9/2025,16,9,2025,3
17/9/2025,17,9,2025,7
17/9/2025,17,9,2025,7
17/9/2025,17,9,2025,7
17/9/2025,17,9,2025,7
17/9/2025,17,9,2025,7
18/9/2025,18,9,2025,5
18/9/2025,18,9,2025,5
18/9/2025,18,9,2025,5
18/9/2025,18,9,2025,5
18/9/2025,18,9,2025,5
18/9/2025,18,9,2025,5
18/9/2025,18,9,2025,5
18/9/2025,18,9,2025,5
18/9/2025,18,9,2025,5
18/9/2025,18,9,2025,5
19/9/2025,19,9,2025,9
19/9/2025,19,9,2025,9
22/9/2025,22,9,2025,4
22/9/2025,22,9,2025,4
22/9/2025,22,9,2025,4
22/9/2025,22,9,2025,4
22/9/2025,22,9,2025,4
22/9/2025,22,9,2025,4
22/9/2025,22,9,2025,4
23/9/2025,23,9,2025,7
23/9/2025,23,9,2025,7
23/9/2025,23,9,2025,7
23/9/2025,23,9,2025,7
23/9/2025,23,9,2025,7
23/9/2025,23,9,2025,7
23/9/2025,23,9,2025,7
24/9/2025,24,9,2025,7
26/9/2025,26,9,2025,2
26/9/2025,26,9,2025,2
26/9/2025,26,9,2025,2
26/9/2025,26,9,2025,2
26/9/2025,26,9,2025,2
6/10/2025,6,10,2025,4
6/10/2025,6,10,2025,4
6/10/2025,6,10,2025,4
7/10/2025,7,10,2025,1
7/10/2025,7,10,2025,1
9/10/2025,9,10,2025,3
9/10/2025,9,10,2025,3
9/10/2025,9,10,2025,3
9/10/2025,9,10,2025,3
9/10/2025,9,10,2025,3
10/10/2025,10,10,2025,2
14/10/2025,14,10,2025,6
14/10/2025,14,10,2025,6
16/10/2025,16,10,2025,6
16/10/2025,16,10,2025,6
16/10/2025,16,10,2025,6
16/10/2025,16,10,2025,6
16/10/2025,16,10,2025,6
27/10/2025,27,10,2025,3
27/10/2025,27,10,2025,3
27/10/2025,27,10,2025,3
27/10/2025,27,10,2025,3
27/10/2025,27,10,2025,3
27/10/2025,27,10,2025,3
27/10/2025,27,10,2025,3
27/10/2025,27,10,2025,3
27/10/2025,27,10,2025,3
28/10/2025,28,10,2025,7
28/10/2025,28,10,2025,7
30/10/2025,30,10,2025,6
30/10/2025,30,10,2025,6
30/10/2025,30,10,2025,6
2025-11-02T03:49:14.231Z,"1/11/2025",1,11,2025,"09:19","daily_summary",,3,
2025-11-02T05:01:36.308Z,"1/11/2025",1,11,2025,"10:31","daily_summary",,3,
2025-11-03T06:55:06.297Z,"3/11/2025",3,11,2025,"12:25","work_session",90,,"TPFU run || PR issue root cause check"
2025-11-03T11:28:37.592Z,"3/11/2025",3,11,2025,"16:58","work_session",30,,"clickstream and tpfu"
2025-11-03T13:02:14.591Z,"3/11/2025",3,11,2025,"18:32","work_session",90,,"clickstream and gaid issue"
2025-11-03T15:35:25.497Z,"3/11/2025",3,11,2025,"21:05","work_session",90,,"TPFU issue, clickstream, gaid bug"
2025-11-04T09:21:07.743Z,"3/11/2025",3,11,2025,"14:51","daily_summary",,10,
2025-11-06T15:31:24.388Z,"6/11/2025",6,11,2025,"21:01","work_session",60,,"got to the root of gaid issue || split clickstream || wrote code for khadga backfill"
2025-11-13T09:24:22.431Z,"13/11/2025",13,11,2025,"14:54","work_session",90,,"cross entity test || agency article read start and find || khadga C.E. backfill test"
2025-11-14T03:57:43.498Z,"13/11/2025",13,11,2025,"09:27","daily_summary",,3,
2025-11-14T04:57:43.480Z,"13/11/2025",13,11,2025,"10:27","daily_summary",,3,
2025-11-14T04:57:55.960Z,"14/11/2025",14,11,2025,"10:27","work_session",60,,"holdout done || spectral testing"
2025-11-14T06:33:42.257Z,"13/11/2025",13,11,2025,"12:03","daily_summary",,3,
2025-11-14T07:33:42.264Z,"13/11/2025",13,11,2025,"13:03","daily_summary",,3,
2025-11-14T11:45:09.953Z,"13/11/2025",13,11,2025,"17:15","daily_summary",,3,
2025-11-19T19:37:03.826Z,"20/11/2025",20,11,2025,"01:07","work_session",60,,"cross ent job || spectral job sort || debug dedupe"
2025-11-19T19:56:48.409Z,"20/11/2025",20,11,2025,"01:26","work_session",1,,"test"
2025-11-20T07:02:11.499Z,"20/11/2025",20,11,2025,"12:32","work_session",60,,"dedupe debugging"
2025-11-21T05:02:10.541Z,"20/11/2025",20,11,2025,"10:32","daily_summary",,2,
2025-11-21T05:32:21.107Z,"21/11/2025",21,11,2025,"11:02","work_session",30,,"finding papers"
2025-11-21T05:36:52.223Z,"20/11/2025",20,11,2025,"11:06","daily_summary",,2,
2025-11-21T05:46:25.292Z,"20/11/2025",20,11,2025,"11:16","daily_summary",,2,
2025-11-21T06:46:25.314Z,"20/11/2025",20,11,2025,"12:16","daily_summary",,2,
2025-11-21T06:48:22.772Z,"21/11/2025",21,11,2025,"12:18","work_session",45,,"finding papers"
2025-11-21T07:02:56.365Z,"20/11/2025",20,11,2025,"12:32","daily_summary",,2,
2025-11-21T07:31:48.522Z,"21/11/2025",21,11,2025,"13:01","work_session",30,,"paper finding comp networks"
2025-11-21T19:37:27.112Z,"21/11/2025",21,11,2025,"01:07","daily_summary",,2,
2025-11-21T20:29:41.030Z,"22/11/2025",22,11,2025,"01:59","work_session",60,,"adding quotes finding books"
2025-11-21T21:20:18.916Z,"21/11/2025",21,11,2025,"02:50","daily_summary",,2,
2025-11-24T10:10:59.268Z,"24/11/2025",24,11,2025,"15:40","work_session",90,,"set experiments || working on TPFU script || PDF reader"
2025-11-24T12:41:30.415Z,"24/11/2025",24,11,2025,"18:11","work_session",90,,"tpfu code || pdf reader || fix issue dedupe experiment run"
2025-11-25T06:19:55.710Z,"24/11/2025",24,11,2025,"11:49","daily_summary",,6,
2025-11-25T06:22:00.529Z,"24/11/2025",24,11,2025,"11:52","daily_summary",,6,
2025-11-25T07:22:00.549Z,"24/11/2025",24,11,2025,"12:52","daily_summary",,6,
2025-11-25T07:25:39.777Z,"25/11/2025",25,11,2025,"12:55","work_session",75,,"dedupe experiments || pdf reader"
2025-11-25T10:34:42.739Z,"24/11/2025",24,11,2025,"16:04","daily_summary",,6,
2025-11-25T11:30:05.506Z,"25/11/2025",25,11,2025,"17:00","work_session",60,,"dayanshi meet || dedupe features || little paper companion work"
2025-11-26T09:28:50.610Z,"25/11/2025",25,11,2025,"14:58","daily_summary",,5,
2025-11-26T10:28:50.572Z,"25/11/2025",25,11,2025,"15:58","daily_summary",,5,
2025-11-26T11:20:33.304Z,"25/11/2025",25,11,2025,"16:50","daily_summary",,5,
2025-11-26T11:37:31.292Z,"26/11/2025",26,11,2025,"17:07","daily_summary",,2,
2025-11-26T18:46:28.958Z,"26/11/2025",26,11,2025,"00:16","daily_summary",,2,
2025-11-26T18:46:35.182Z,"26/11/2025",26,11,2025,"00:16","daily_summary",,2,
2025-11-26T19:46:35.210Z,"26/11/2025",26,11,2025,"01:16","daily_summary",,2,
2025-11-26T20:46:35.167Z,"26/11/2025",26,11,2025,"02:16","daily_summary",,2,
2025-11-26T20:46:55.087Z,"27/11/2025",27,11,2025,"02:16","work_session",120,,"GRPO reading || paper reader tool"
2025-11-27T07:18:59.865Z,"26/11/2025",26,11,2025,"12:48","daily_summary",,2,
2025-11-27T08:00:12.079Z,"26/11/2025",26,11,2025,"13:30","daily_summary",,2,
2025-11-27T08:32:46.396Z,"27/11/2025",27,11,2025,"14:02","work_session",30,,"Merging changes self serve"
2025-11-27T09:00:12.228Z,"26/11/2025",26,11,2025,"14:30","daily_summary",,2,
2025-11-27T09:04:51.057Z,"27/11/2025",27,11,2025,"14:34","work_session",30,,"scrum"
2025-11-27T16:07:46.206Z,"26/11/2025",26,11,2025,"21:37","daily_summary",,2,
2025-11-27T17:07:46.190Z,"26/11/2025",26,11,2025,"22:37","daily_summary",,2,
2025-11-27T17:17:17.570Z,"27/11/2025",27,11,2025,"22:47","work_session",90,,"run and finding paper"
2025-11-28T08:50:47.346Z,"27/11/2025",27,11,2025,"14:20","daily_summary",,7,
2025-11-28T09:50:47.371Z,"27/11/2025",27,11,2025,"15:20","daily_summary",,7,
2025-11-28T10:15:05.901Z,"27/11/2025",27,11,2025,"15:45","daily_summary",,7,
2025-11-28T10:43:10.022Z,"27/11/2025",27,11,2025,"16:13","daily_summary",,7,
2025-11-28T20:12:33.412Z,"28/11/2025",28,11,2025,"01:42","daily_summary",,3,
2025-11-28T21:12:33.440Z,"28/11/2025",28,11,2025,"02:42","daily_summary",,3,
2025-11-28T21:29:19.425Z,"29/11/2025",29,11,2025,"02:59","work_session",75,,"literatuve review ICML"
2025-11-28T22:09:38.227Z,"29/11/2025",29,11,2025,"03:39","work_session",75,,"lit review"
2025-11-29T04:14:48.860Z,"28/11/2025",28,11,2025,"09:44","daily_summary",,3,
2025-11-29T11:10:10.512Z,"28/11/2025",28,11,2025,"16:40","daily_summary",,3,
2025-11-29T11:10:50.556Z,"28/11/2025",28,11,2025,"16:40","daily_summary",,3,
2025-11-29T12:10:50.609Z,"28/11/2025",28,11,2025,"17:40","daily_summary",,3,
2025-11-29T12:11:45.980Z,"29/11/2025",29,11,2025,"17:41","work_session",60,,"refacotirng dedupe"
2025-11-29T13:10:50.612Z,"28/11/2025",28,11,2025,"18:40","daily_summary",,3,
2025-11-29T13:30:04.035Z,"29/11/2025",29,11,2025,"19:00","work_session",60,,"refactoring dedupe"
2025-11-29T17:28:28.945Z,"28/11/2025",28,11,2025,"22:58","daily_summary",,3,
2025-11-29T18:28:28.937Z,"28/11/2025",28,11,2025,"23:58","daily_summary",,3,
2025-11-29T18:33:30.543Z,"29/11/2025",29,11,2025,"00:03","daily_summary",,9,
2025-11-29T19:33:30.543Z,"29/11/2025",29,11,2025,"01:03","daily_summary",,9,
2025-11-29T20:03:46.530Z,"30/11/2025",30,11,2025,"01:33","work_session",90,,"dedupe code refactor and icml"
2025-11-29T20:18:04.373Z,"29/11/2025",29,11,2025,"01:48","daily_summary",,9,
2025-11-29T21:18:04.374Z,"29/11/2025",29,11,2025,"02:48","daily_summary",,9,
2025-11-29T21:18:16.413Z,"30/11/2025",30,11,2025,"02:48","work_session",60,,"paper reivew"
2025-12-02T07:39:06.841Z,"2/12/2025",2,12,2025,"13:09","work_session",60,,"plan for the day || started sagar seller analysis"
2025-12-02T09:37:17.801Z,"2/12/2025",2,12,2025,"15:07","work_session",80,,"sagar analysis finished || started dedupe exp analysis"
2025-12-02T12:24:12.540Z,"2/12/2025",2,12,2025,"17:54","work_session",60,,"dedeupe expriments settgin matter straight"
2025-12-02T13:30:40.301Z,"2/12/2025",2,12,2025,"19:00","work_session",60,,"literature rebiew"
2025-12-03T03:58:33.920Z,"2/12/2025",2,12,2025,"09:28","daily_summary",,10,
2025-12-03T04:58:33.890Z,"2/12/2025",2,12,2025,"10:28","daily_summary",,10,
2025-12-03T05:31:38.517Z,"2/12/2025",2,12,2025,"11:01","daily_summary",,10,
2025-12-03T05:31:55.533Z,"2/12/2025",2,12,2025,"11:01","daily_summary",,10,
2025-12-03T05:32:15.588Z,"3/12/2025",3,12,2025,"11:02","work_session",0.05,,"code review and PR"
2025-12-03T05:35:31.700Z,"2/12/2025",2,12,2025,"11:05","daily_summary",,10,
2025-12-03T22:10:30.965Z,"3/12/2025",3,12,2025,"03:40","daily_summary",,3,
2025-12-03T22:27:59.595Z,"3/12/2025",3,12,2025,"03:57","daily_summary",,3,
2025-12-03T22:58:08.114Z,"4/12/2025",4,12,2025,"04:28","work_session",30,,"paper || se tot run"
2025-12-05T16:53:21.373Z,"4/12/2025",4,12,2025,"22:23","daily_summary",,1,
2025-12-06T08:42:20.635Z,"6/12/2025",6,12,2025,"14:12","work_session",60,,"running dedupe experimetns"
2025-12-06T10:54:38.459Z,"6/12/2025",6,12,2025,"16:24","work_session",60,,"dedupe"
2025-12-06T23:28:00.354Z,"6/12/2025",6,12,2025,"04:58","daily_summary",,6,
2025-12-07T00:28:00.379Z,"6/12/2025",6,12,2025,"05:58","daily_summary",,6,
2025-12-07T00:58:12.184Z,"7/12/2025",7,12,2025,"06:28","work_session",90,,"debug dedupe"
2025-12-07T01:28:00.385Z,"6/12/2025",6,12,2025,"06:58","daily_summary",,6,
2025-12-07T02:28:00.386Z,"6/12/2025",6,12,2025,"07:58","daily_summary",,6,
2025-12-07T02:35:25.905Z,"7/12/2025",7,12,2025,"08:05","work_session",90,,"debugging"
2025-12-07T03:28:00.384Z,"6/12/2025",6,12,2025,"08:58","daily_summary",,6,
2025-12-07T04:12:54.864Z,"7/12/2025",7,12,2025,"09:42","work_session",90,,"dedupe debug"
2025-12-07T04:13:04.177Z,"6/12/2025",6,12,2025,"09:43","daily_summary",,6,
2025-12-07T04:13:09.585Z,"6/12/2025",6,12,2025,"09:43","daily_summary",,6,
2025-12-07T04:42:39.738Z,"7/12/2025",7,12,2025,"10:12","work_session",30,,"debug"
2025-12-07T05:13:09.589Z,"6/12/2025",6,12,2025,"10:43","daily_summary",,6,
2025-12-08T11:15:03.845Z,"7/12/2025",7,12,2025,"16:45","daily_summary",,10,
2025-12-08T12:15:03.842Z,"7/12/2025",7,12,2025,"17:45","daily_summary",,10,
2025-12-08T12:48:24.061Z,"8/12/2025",8,12,2025,"18:18","work_session",90,,"dedupe debug"
2025-12-08T12:56:26.220Z,"7/12/2025",7,12,2025,"18:26","daily_summary",,10,
2025-12-08T13:49:58.604Z,"8/12/2025",8,12,2025,"19:19","work_session",60,,"dedupe run"
2025-12-08T13:56:26.242Z,"7/12/2025",7,12,2025,"19:26","daily_summary",,10,
2025-12-09T15:29:37.202Z,"8/12/2025",8,12,2025,"20:59","daily_summary",,5,
2025-12-09T16:09:53.497Z,"9/12/2025",9,12,2025,"21:39","work_session",40,,"tofu code"
2025-12-09T16:29:37.210Z,"8/12/2025",8,12,2025,"21:59","daily_summary",,5,
2025-12-09T17:29:37.204Z,"8/12/2025",8,12,2025,"22:59","daily_summary",,5,
2025-12-10T15:54:26.779Z,"9/12/2025",9,12,2025,"21:24","daily_summary",,1,
2025-12-12T08:04:53.475Z,"12/12/2025",12,12,2025,"13:34","work_session",45,,"running jobs and sukriti task"
2025-12-12T09:21:39.195Z,"12/12/2025",12,12,2025,"14:51","work_session",45,,"dedupe jobs"
2025-12-12T10:08:49.779Z,"12/12/2025",12,12,2025,"15:38","work_session",45,,"dedupe jobs"
2025-12-12T15:59:32.799Z,"12/12/2025",12,12,2025,"21:29","work_session",30,,"seteing run"
2025-12-12T21:04:11.419Z,"12/12/2025",12,12,2025,"02:34","daily_summary",,11,
2025-12-12T21:24:19.384Z,"13/12/2025",13,12,2025,"02:54","work_session",20,,"dedupe jobs"
2025-12-12T21:24:26.884Z,"12/12/2025",12,12,2025,"02:54","daily_summary",,11,
2025-12-12T22:09:35.217Z,"13/12/2025",13,12,2025,"03:39","work_session",45,,"papers and job"
2025-12-12T22:24:26.924Z,"12/12/2025",12,12,2025,"03:54","daily_summary",,11,
2025-12-13T07:15:38.017Z,"12/12/2025",12,12,2025,"12:45","daily_summary",,11,
2025-12-13T13:38:33.965Z,"12/12/2025",12,12,2025,"19:08","daily_summary",,11,
2025-12-13T20:17:25.968Z,"13/12/2025",13,12,2025,"01:47","daily_summary",,3,
2025-12-13T21:17:25.961Z,"13/12/2025",13,12,2025,"02:47","daily_summary",,3,
2025-12-13T21:18:51.369Z,"14/12/2025",14,12,2025,"02:48","work_session",60,,"dedupe jobs and paper reading"
2025-12-14T12:33:04.649Z,"13/12/2025",13,12,2025,"18:03","daily_summary",,3,
2025-12-14T13:33:04.758Z,"13/12/2025",13,12,2025,"19:03","daily_summary",,3,
2025-12-14T14:33:04.756Z,"13/12/2025",13,12,2025,"20:03","daily_summary",,3,
2025-12-14T19:02:36.652Z,"14/12/2025",14,12,2025,"00:32","daily_summary",,2,
2025-12-14T20:02:36.656Z,"14/12/2025",14,12,2025,"01:32","daily_summary",,2,
2025-12-14T20:06:51.459Z,"15/12/2025",15,12,2025,"01:36","work_session",60,,"paper."
2025-12-14T20:52:11.494Z,"14/12/2025",14,12,2025,"02:22","daily_summary",,2,
2025-12-16T11:48:02.772Z,"15/12/2025",15,12,2025,"17:18","daily_summary",,3,
2025-12-17T14:08:25.236Z,"17/12/2025",17,12,2025,"19:38","work_session",90,,"dedupe finish || paper discussion"
2025-12-18T04:49:57.021Z,"17/12/2025",17,12,2025,"10:19","daily_summary",,6,
2025-12-18T05:49:57.023Z,"17/12/2025",17,12,2025,"11:19","daily_summary",,6,
2025-12-18T06:18:18.881Z,"18/12/2025",18,12,2025,"11:48","work_session",90,,"paper plan"
2025-12-19T08:10:33.144Z,"18/12/2025",18,12,2025,"13:40","daily_summary",,9,
2025-12-19T09:10:33.152Z,"18/12/2025",18,12,2025,"14:40","daily_summary",,9,
2025-12-19T10:10:33.107Z,"18/12/2025",18,12,2025,"15:40","daily_summary",,9,
2025-12-19T11:50:48.403Z,"18/12/2025",18,12,2025,"17:20","daily_summary",,9,
2025-12-19T12:50:48.405Z,"18/12/2025",18,12,2025,"18:20","daily_summary",,9,
2025-12-19T13:50:48.414Z,"18/12/2025",18,12,2025,"19:20","daily_summary",,9,
2025-12-22T02:43:43.357Z,"22/12/2025",22,12,2025,"08:13","work_session",60,,"paper reading || dedupe results code"
2025-12-23T11:00:27.955Z,"22/12/2025",22,12,2025,"16:30","daily_summary",,7,
2025-12-23T12:25:58.610Z,"22/12/2025",22,12,2025,"17:55","daily_summary",,7,
2025-12-23T22:57:13.473Z,"24/12/2025",24,12,2025,"04:27","work_session",30,,"meehso training"
2025-12-25T12:17:30.366Z,"24/12/2025",24,12,2025,"17:47","daily_summary",,2,
2025-12-25T14:20:30.436Z,"24/12/2025",24,12,2025,"19:50","daily_summary",,2,
2025-12-25T14:20:48.816Z,"24/12/2025",24,12,2025,"19:50","daily_summary",,2,
2025-12-25T14:21:21.045Z,"25/12/2025",25,12,2025,"19:51","work_session",0.05,,"DSA 5 problems"
2025-12-25T14:22:04.839Z,"24/12/2025",24,12,2025,"19:52","daily_summary",,2,
2025-12-25T14:22:18.501Z,"24/12/2025",24,12,2025,"19:52","daily_summary",,2,
